job_id,skill
12462-1631645-1-S,Python
12462-1631645-1-S,SQL
12462-1631645-1-S,Pandas
12462-1631645-1-S,NumPy
12462-1631645-1-S,scikit-learn
12462-1631645-1-S,Machine Learning
12462-1631645-1-S,Power BI
12462-1631645-1-S,Spark
12462-1631645-1-S,Data Science
12462-1631645-1-S,Tableau
12462-1631645-1-S,Hive
12462-1631645-1-S,Cloud
14244-BB-440097-7878-8419-S,Python
14244-BB-440097-7878-8419-S,Data Science
14244-BB-440097-7878-8419-S,Data Engineering
14244-BB-440097-7878-8419-S,Cloud
12951-ce2252c9-3017-457b--S,Python
12951-ce2252c9-3017-457b--S,Data Science
12951-ce2252c9-3017-457b--S,Data Engineering
12951-ce2252c9-3017-457b--S,Tableau
12951-ce2252c9-3017-457b--S,R
10001-1003649773-S,Python
10001-1003649773-S,Machine Learning
10001-1003649773-S,Data Science
10001-1003649773-S,Predictive Analytics
12288-4931147075-S,Python
12288-4931147075-S,Machine Learning
12288-4931147075-S,Data Science
12288-4931147075-S,Predictive Analytics
12462-1574143-1-S,Python
12462-1574143-1-S,SQL
12462-1574143-1-S,Pandas
12462-1574143-1-S,PySpark
12462-1574143-1-S,Data Science
12462-1574143-1-S,Data Engineering
12462-1574143-1-S,Big Data
10001-1003694422-S,Data Science
10001-1003694422-S,R
10001-1003694422-S,Git
12951-5647624e-84d5-4364--S,Python
12951-5647624e-84d5-4364--S,SQL
12951-5647624e-84d5-4364--S,Power BI
12951-5647624e-84d5-4364--S,Data Science
12951-5647624e-84d5-4364--S,Tableau
12951-5647624e-84d5-4364--S,Plotly
12951-5647624e-84d5-4364--S,Excel
10000-1206481696-S,Python
10000-1206481696-S,SQL
10000-1206481696-S,Pandas
10000-1206481696-S,NumPy
10000-1206481696-S,R
10000-1206481696-S,Git
10000-1206481696-S,Docker
10000-1206481696-S,FastAPI
10001-1003523149-S,Data Analytics
10001-1003523149-S,Azure
10001-1003523149-S,Data Governance
16604-969747-008-S,Data Science
16604-969747-008-S,Excel
13183-8122-KORIAN1-S,SQL
13183-8122-KORIAN1-S,Data Science
13183-8122-KORIAN1-S,Data Analytics
16752-r18191-S,Python
16752-r18191-S,SQL
16752-r18191-S,Pandas
16752-r18191-S,Machine Learning
16752-r18191-S,Artificial Intelligence
16752-r18191-S,Spark
16752-r18191-S,Data Science
16752-r18191-S,Data Engineering
16752-r18191-S,Git
16752-r18191-S,Docker
10001-1003610115-S,Python
10001-1003610115-S,SQL
10001-1003610115-S,Power BI
10001-1003610115-S,Data Science
10001-1003610115-S,Data Analytics
10001-1003610115-S,R
10001-1003610115-S,Data Governance
10001-1003610115-S,Excel
14774-BB-563757-12683-547-S,SQL
14774-BB-563757-12683-547-S,Artificial Intelligence
14774-BB-563757-12683-547-S,Data Science
15023-000753018f6001-S,Python
15023-000753018f6001-S,SQL
15023-000753018f6001-S,Machine Learning
15023-000753018f6001-S,Artificial Intelligence
15023-000753018f6001-S,Power BI
15023-000753018f6001-S,Data Science
15023-000753018f6001-S,Cloud
15023-000753018f6001-S,Excel
15224-44417900-93-S,SQL
15224-44417900-93-S,Data Science
15224-44417900-93-S,Data Analytics
15224-44417900-93-S,Tableau
15224-44417900-93-S,R
15224-44417900-93-S,Statistics
12942-1629950-1-S,Power BI
12942-1629950-1-S,Excel
13151-1628381-1-S,Python
13151-1628381-1-S,Artificial Intelligence
13151-1628381-1-S,RAG
13151-1628381-1-S,Cloud
13151-1624209-1-S,Python
13151-1624209-1-S,SQL
13151-1624209-1-S,Artificial Intelligence
13151-1624209-1-S,Data Analytics
13151-1624209-1-S,Generative AI
12462-1631161-1-S,Python
12462-1631161-1-S,SQL
12462-1631161-1-S,PySpark
12462-1631161-1-S,Data Science
12462-1631161-1-S,Data Analytics
12462-1631161-1-S,Tableau
12462-1631161-1-S,Git
12462-1631161-1-S,AWS
12462-1631161-1-S,Azure
12462-1631161-1-S,Cloud
18349-46840_16_JB5225308-S,SQL
18349-46840_16_JB5225308-S,Artificial Intelligence
18349-46840_16_JB5225308-S,Power BI
18349-46840_16_JB5225308-S,Excel
13011-44395426-821-S,SQL
13011-44395426-821-S,Power BI
13011-44395426-821-S,Data Analytics
13011-44395426-821-S,Excel
12462-1622422-1-S,Artificial Intelligence
12462-1622422-1-S,Data Engineering
12462-1622422-1-S,AWS
12462-1622422-1-S,Azure
12462-1622422-1-S,Cloud
12462-1622422-1-S,Data Governance
18349-46953_16_JB5236481-S,Python
18349-46953_16_JB5236481-S,SQL
18349-46953_16_JB5236481-S,Power BI
18349-46953_16_JB5236481-S,Data Analytics
18349-46953_16_JB5236481-S,Cloud
12462-1598829-1-S,Python
12462-1598829-1-S,SQL
12462-1598829-1-S,Artificial Intelligence
12462-1598829-1-S,Power BI
12462-1598829-1-S,Tableau
12462-1598829-1-S,R
12462-1598829-1-S,Cloud
12462-1598829-1-S,Data Governance
12462-1598829-1-S,Excel
15794-471478_50313-1-S,Python
15794-471478_50313-1-S,SQL
15794-471478_50313-1-S,Artificial Intelligence
15794-471478_50313-1-S,Power BI
15794-471478_50313-1-S,Data Analytics
15794-471478_50313-1-S,Tableau
15794-471478_50313-1-S,R
15794-471478_50313-1-S,Cloud
12462-1617420-1-S,Python
12462-1617420-1-S,SQL
12462-1617420-1-S,Machine Learning
12462-1617420-1-S,Artificial Intelligence
12462-1617420-1-S,PySpark
12462-1617420-1-S,Data Analytics
12745-970782546-S,Power BI
12745-970782546-S,R
12745-970782546-S,Excel
10001-1003604533-S,Python
10001-1003604533-S,SQL
10001-1003604533-S,Machine Learning
10001-1003604533-S,Data Science
10001-1003604533-S,Data Analytics
10001-1003604533-S,R
16470-44442294-914-S,Python
16470-44442294-914-S,SQL
16470-44442294-914-S,Machine Learning
16470-44442294-914-S,Artificial Intelligence
16470-44442294-914-S,Data Science
16470-44442294-914-S,Tableau
16470-44442294-914-S,R
16470-44442294-914-S,Cloud
10001-1003090842-S,Python
10001-1003090842-S,Machine Learning
10001-1003090842-S,Artificial Intelligence
10001-1003090842-S,RAG
10001-1003090842-S,Embeddings
15794-471450_50394-1-S,Python
15794-471450_50394-1-S,SQL
15794-471450_50394-1-S,Power BI
15794-471450_50394-1-S,Data Analytics
15794-471450_50394-1-S,R
14543-24598-1788745-0-S,Data Science
14543-24598-1788745-0-S,R
14543-24280-1783016-0-S,Data Science
14543-24280-1783016-0-S,R
14543-24294-1783186-0-S,Data Science
14543-24294-1783186-0-S,R
10000-1203501028-S,Data Science
10000-1203501356-S,Data Science
13151-1577245-2-S,Python
13151-1577245-2-S,SQL
13151-1577245-2-S,Machine Learning
13151-1577245-2-S,Artificial Intelligence
13151-1577245-2-S,Data Science
13151-1577245-2-S,Large Language Models
13151-1577245-2-S,RAG
13151-1577245-2-S,Git
13151-1577245-2-S,Azure
16604-969745-008-S,Data Science
16604-969745-008-S,Excel
20260-106432X340547-S,Data Science
20260-106432X340547-S,Excel
19446-r18734-S,Python
19446-r18734-S,Power BI
10001-1003516883-S,Python
10001-1002793394-S,Power BI
10001-1002793394-S,Azure
10001-1003630616-S,Artificial Intelligence
13151-1630364-1-S,Python
13151-1630364-1-S,SQL
13151-1630364-1-S,Machine Learning
13151-1630364-1-S,Artificial Intelligence
13151-1630364-1-S,NLP
13151-1630364-1-S,Data Science
13151-1630364-1-S,Docker
13151-1630364-1-S,Azure
13151-1630364-1-S,Cloud
10001-1003150819-S,SQL
10001-1003150819-S,Excel
10001-1003694894-S,Data Science
10001-1003694894-S,Cloud
10001-1003694894-S,Excel
12462-1632096-1-S,Python
12462-1632096-1-S,Artificial Intelligence
12462-1632096-1-S,Large Language Models
12462-1632096-1-S,Git
12462-1632096-1-S,Cloud
10000-1206618607-S,Artificial Intelligence
10001-1002102839-S,Python
10001-1002102839-S,SQL
10001-1002102839-S,R
10001-1002102839-S,Excel
12465-1630782-1-S,Artificial Intelligence
12465-1630782-1-S,Power BI
12465-1630782-1-S,Data Science
12465-1630782-1-S,Tableau
10001-1003063506-S,Data Science
20208-8adff2cc4bc540518c9-S,Artificial Intelligence
20208-8adff2cc4bc540518c9-S,OCR
18989-963147069-S,Python
18989-963147069-S,SQL
18989-963147069-S,Artificial Intelligence
18989-963147069-S,Data Science
18989-963147069-S,Data Analytics
18989-963147069-S,Data Engineering
18989-963147069-S,R
18989-963147069-S,AWS
18989-963147069-S,Azure
18989-963147069-S,Cloud
18989-963147069-S,Excel
18989-963147069-S,Java
18349-47001_15_JB5239723-S,Python
18349-47001_15_JB5239723-S,SQL
18349-47001_15_JB5239723-S,Spark
18349-47001_15_JB5239723-S,Cloud
10001-1002634660-S,Power BI
10001-1002634660-S,Excel
12462-1631638-1-S,Python
12462-1631638-1-S,SQL
12462-1631638-1-S,Pandas
12462-1631638-1-S,RAG
14244-BB-440098-7878-1558-S,Python
14244-BB-440098-7878-1558-S,Machine Learning
14244-BB-440098-7878-1558-S,Artificial Intelligence
14244-BB-440098-7878-1558-S,Deep Learning
12465-1580221-2-S,SQL
12465-1580221-2-S,C#
12465-1580221-2-S,Data Science
12465-1580221-2-S,Data Analytics
12465-1580221-2-S,Git
10001-1003553407-S,Python
10001-1003553407-S,Artificial Intelligence
10001-1003553407-S,Generative AI
10001-1003553407-S,Large Language Models
10001-1003553407-S,RAG
20208-36d6b56530384055a6d-S,Data Science
12465-1609186-1-S,C#
12465-1609186-1-S,Data Science
13151-1625447-1-S,Python
13151-1625447-1-S,SQL
13151-1625447-1-S,Power BI
13151-1625447-1-S,Data Science
13151-1625447-1-S,R
13151-1625447-1-S,Cloud
13151-1625447-1-S,Excel
12462-1617914-1-S,Python
12462-1617914-1-S,Machine Learning
12462-1617914-1-S,C#
12462-1572902-1-S,Python
12462-1572902-1-S,SQL
12462-1572902-1-S,Data Science
12462-1572902-1-S,Data Analytics
20208-68857a48291c4824a5a-S,Artificial Intelligence
20208-68857a48291c4824a5a-S,Data Science
12465-1630777-1-S,Python
12465-1630777-1-S,Artificial Intelligence
12465-1630777-1-S,Data Science
12465-1630777-1-S,Large Language Models
12465-1630777-1-S,Azure
10001-1003676925-S,Python
10001-1003676925-S,SQL
12608-1442843-28033-1-S,Python
12608-1442843-28033-1-S,Power BI
12608-1442843-28033-1-S,Data Science
12608-1442843-28033-1-S,Tableau
12462-1618901-1-S,Python
12462-1618901-1-S,Power BI
12462-1618901-1-S,Data Analytics
12462-1618901-1-S,Tableau
12462-1618901-1-S,R
12462-1618901-1-S,Excel
13151-1618061-1-S,Artificial Intelligence
13151-1618061-1-S,Data Science
13151-1618061-1-S,Excel
10001-1003707901-S,Python
10001-1003707901-S,Artificial Intelligence
10001-1003707901-S,RAG
12462-1605463-1-S,Python
12462-1605463-1-S,Artificial Intelligence
12462-1605463-1-S,Large Language Models
12462-1605463-1-S,Docker
12462-1605463-1-S,AWS
12462-1605463-1-S,Cloud
12462-1605463-1-S,Java
20456-2322161-S,R
12462-1608907-1-S,Python
12462-1608907-1-S,Large Language Models
12462-1608907-1-S,Java
16947-954238931-S,Python
16947-954238931-S,Machine Learning
16947-954238931-S,Artificial Intelligence
16947-954238931-S,Feature Engineering
16947-966681960-S,Python
16947-966681960-S,Machine Learning
16947-966681960-S,Artificial Intelligence
16947-966681960-S,Data Science
16947-966681960-S,Git
16947-966681960-S,Cloud
16947-967924583-S,Python
16947-967924583-S,Artificial Intelligence
16947-967924583-S,Data Science
16947-967924583-S,R
17102-44258235-619-S,Data Science
17102-44258235-619-S,Tableau
17102-44258235-619-S,Excel
20208-7c578873fdf541e78de-S,Data Science
