job_id,title,company,location,state,postal_code,job_type,description,salary,contract,home_office,posted_date,source
12608-1451483-28079-1-S,Werkstudent (m/w/d),Penny-Markt GmbH Verwaltung,München,BAYERN,80807,PRAKTIKUM_TRAINEE,"Ort:  80807 München | Vertragsart: Teilzeit, unbefristet | Job-ID:  980762


PENNY ist Teil der REWE Group und beschäftigt über 31.000 Mitarbeitende in rund 2.130 Märkten, an 10 Logistikstandorten und in den Zentralen. Im #teampenny sind wir gemeinsam stark und begegnen uns mit Respekt und Wertschätzung. Auf PENNY kannst du dich verlassen. Wir setzen auf sichere Jobs, einen fairen Umgang miteinander und sorgen dafür, dass auch du deinen eigenen persönlichen Karriereweg gehen kannst. Denn bei PENNY kannst du alles sein, außer egal.


Du kannst viel bei uns bewegen.

- Du sorgst gemeinsam mit dem Team für einen reibungslosen Ablauf im Markt (ALFRED-ARNDT-STR. 1, 80807 München) .
- Du betreust unsere Kundschaft im Markt und an der Kasse und stehst ihr tatkräftig zur Seite.
- Du weißt, was wo zu finden ist, und sorgst dafür, dass die PENNY Regale immer voll sind.
- Du überprüfst die Qualität und Frische unserer Produkte.


Du kannst Teil unseres Teams werden .

- Du bist eingeschriebener Student (m/w/d) eines Bachelor-, Master- oder Staatsexamenstudiengangs.
- Du konntest bereits erste Erfahrungen im Handel sammeln? Super! Aber auch als Quereinsteiger:in bist du bei uns herzlich willkommen.
- Du hast Spaß am Umgang mit Menschen und Freude an Teamarbeit.
- Du bist kund:innenfreundlich, engagiert und verantwortungsbewusst.
- Du packst gern mit an und bist flexibel – so ziehst du mit deinem Team an einem Strang.


Du kannst dich auf jede Menge freuen.


Bei uns stimmt das Gehalt – und noch mehr.

- Du erhältst eine attraktive Vergütung.
- Du profitierst von 5% Einkaufsrabatt bei PENNY und REWE, weiteren Rabatten beim toom Baumarkt und der DERTOUR Group sowie weiteren Partnern über die Plattform Corporate Benefits.
- Du erhältst ein vergünstigtes Deutschlandticket.


Beruf, Familie und Privatleben vereinbaren – das unterstützen wir.

- Du erhältst 6 Wochen Urlaub pro Jahr.
- Deine Arbeitszeitplanung erfolgt in der Regel 2 Wochen im Voraus.
- In allen Lebenslagen kannst du dich an geschulte Vertrauenspersonen wenden, um Tipps und Unterstützung zu erhalten.


Sicherer Arbeitgeber – nachhaltig und menschlich.

- PENNY gehört zu der REWE Group, einem der größten Arbeitgeber Deutschlands.
- Unsere unternehmensweiten Netzwerke wie das LGBTIQ-Netzwerk „DITO – different together“ und das Frauennetzwerk „f.ernetzt“ bieten dir die Möglichkeit zum Austausch rund um Karriere und persönliche Weiterentwicklung.
- Du erhältst einen unbefristeten Arbeitsvertrag.
- Wir sind ein starkes Team und bewältigen alle Aufgaben gemeinsam. Unsere Zusammenarbeit feiern wir bei Teamevents.


Weitere Informationen erhalten Sie auf unserer Website unterkarriere.penny.de  .


Du hast noch Fragen zu deiner Online-Bewerbung oder zu unserem Bewerbungsprozess? Dann schau auf unseren FAQ    vorbei.


Um Ihnen den Lesefluss zu erleichtern, beschränken wir uns im Textverlauf auf männliche Bezeichnungen. Wir betonen ausdrücklich, dass bei uns alle Menschen - unabhängig von Geschlecht/geschlechtlicher Identität, ethnischer Herkunft und Nationalität, sozialer Herkunft, Religion/Weltanschauung, körperlichen und geistigen Fähigkeiten, Alter sowie sexueller Orientierung oder weiteren individuellen Merkmalen - gleichermaßen willkommen sind.",KEINE_ANGABEN,UNBEFRISTET,False,2026-09-14,Bundesagentur für Arbeit
12608-1451485-28508-1-S,Werkstudent (m/w/d),Penny-Markt GmbH Verwaltung,München,BAYERN,80636,PRAKTIKUM_TRAINEE,"Ort:  80636 München | Vertragsart: Teilzeit, unbefristet | Job-ID:  980769


PENNY ist Teil der REWE Group und beschäftigt über 31.000 Mitarbeitende in rund 2.130 Märkten, an 10 Logistikstandorten und in den Zentralen. Im #teampenny sind wir gemeinsam stark und begegnen uns mit Respekt und Wertschätzung. Auf PENNY kannst du dich verlassen. Wir setzen auf sichere Jobs, einen fairen Umgang miteinander und sorgen dafür, dass auch du deinen eigenen persönlichen Karriereweg gehen kannst. Denn bei PENNY kannst du alles sein, außer egal.


Du kannst viel bei uns bewegen.

- Du sorgst gemeinsam mit dem Team für einen reibungslosen Ablauf im Markt Leonrodstraße 48, 80636 München/Neuhausen.
- Du betreust unsere Kundschaft im Markt und an der Kasse und stehst ihr tatkräftig zur Seite.
- Du weißt, was wo zu finden ist, und sorgst dafür, dass die PENNY Regale immer voll sind.
- Du überprüfst die Qualität und Frische unserer Produkte.


Du kannst Teil unseres Teams werden .

- Du bist eingeschriebener Student (m/w/d) eines Bachelor-, Master- oder Staatsexamenstudiengangs.
- Du konntest bereits erste Erfahrungen im Handel sammeln? Super! Aber auch als Quereinsteiger:in bist du bei uns herzlich willkommen.
- Du hast Spaß am Umgang mit Menschen und Freude an Teamarbeit.
- Du bist kund:innenfreundlich, engagiert und verantwortungsbewusst.
- Du packst gern mit an und bist flexibel – so ziehst du mit deinem Team an einem Strang.


Du kannst dich auf jede Menge freuen.


Bei uns stimmt das Gehalt – und noch mehr.

- Du erhältst eine attraktive Vergütung.
- Du profitierst von 5% Einkaufsrabatt bei PENNY und REWE, weiteren Rabatten beim toom Baumarkt und der DERTOUR Group sowie weiteren Partnern über die Plattform Corporate Benefits.
- Du erhältst ein vergünstigtes Deutschlandticket.


Beruf, Familie und Privatleben vereinbaren – das unterstützen wir.

- Du erhältst 6 Wochen Urlaub pro Jahr.
- Deine Arbeitszeitplanung erfolgt in der Regel 2 Wochen im Voraus.
- In allen Lebenslagen kannst du dich an geschulte Vertrauenspersonen wenden, um Tipps und Unterstützung zu erhalten.


Sicherer Arbeitgeber – nachhaltig und menschlich.

- PENNY gehört zu der REWE Group, einem der größten Arbeitgeber Deutschlands.
- Unsere unternehmensweiten Netzwerke wie das LGBTIQ-Netzwerk „DITO – different together“ und das Frauennetzwerk „f.ernetzt“ bieten dir die Möglichkeit zum Austausch rund um Karriere und persönliche Weiterentwicklung.
- Du erhältst einen unbefristeten Arbeitsvertrag.
- Wir sind ein starkes Team und bewältigen alle Aufgaben gemeinsam. Unsere Zusammenarbeit feiern wir bei Teamevents.


Weitere Informationen erhalten Sie auf unserer Website unterkarriere.penny.de  .


Du hast noch Fragen zu deiner Online-Bewerbung oder zu unserem Bewerbungsprozess? Dann schau auf unseren FAQ    vorbei.


Um Ihnen den Lesefluss zu erleichtern, beschränken wir uns im Textverlauf auf männliche Bezeichnungen. Wir betonen ausdrücklich, dass bei uns alle Menschen - unabhängig von Geschlecht/geschlechtlicher Identität, ethnischer Herkunft und Nationalität, sozialer Herkunft, Religion/Weltanschauung, körperlichen und geistigen Fähigkeiten, Alter sowie sexueller Orientierung oder weiteren individuellen Merkmalen - gleichermaßen willkommen sind.",KEINE_ANGABEN,UNBEFRISTET,False,2026-09-14,Bundesagentur für Arbeit
12608-1451507-28154-1-S,Werkstudent (m/w/d),Penny-Markt GmbH Verwaltung,München,BAYERN,80995,PRAKTIKUM_TRAINEE,"Ort:  80995 München | Vertragsart: Teilzeit, unbefristet | Job-ID:  980776


PENNY ist Teil der REWE Group und beschäftigt über 31.000 Mitarbeitende in rund 2.130 Märkten, an 10 Logistikstandorten und in den Zentralen. Im #teampenny sind wir gemeinsam stark und begegnen uns mit Respekt und Wertschätzung. Auf PENNY kannst du dich verlassen. Wir setzen auf sichere Jobs, einen fairen Umgang miteinander und sorgen dafür, dass auch du deinen eigenen persönlichen Karriereweg gehen kannst. Denn bei PENNY kannst du alles sein, außer egal.


Du kannst viel bei uns bewegen.

- Du sorgst gemeinsam mit dem Team für einen reibungslosen Ablauf im Markt Franz-Fackler-Str. 3, 80995 München .
- Du betreust unsere Kundschaft im Markt und an der Kasse und stehst ihr tatkräftig zur Seite.
- Du weißt, was wo zu finden ist, und sorgst dafür, dass die PENNY Regale immer voll sind.
- Du überprüfst die Qualität und Frische unserer Produkte.


Du kannst Teil unseres Teams werden .

- Du bist eingeschriebener Student (m/w/d) eines Bachelor-, Master- oder Staatsexamenstudiengangs.
- Du konntest bereits erste Erfahrungen im Handel sammeln? Super! Aber auch als Quereinsteiger:in bist du bei uns herzlich willkommen.
- Du hast Spaß am Umgang mit Menschen und Freude an Teamarbeit.
- Du bist kund:innenfreundlich, engagiert und verantwortungsbewusst.
- Du packst gern mit an und bist flexibel – so ziehst du mit deinem Team an einem Strang.


Du kannst dich auf jede Menge freuen.


Bei uns stimmt das Gehalt – und noch mehr.

- Du erhältst eine attraktive Vergütung.
- Du profitierst von 5% Einkaufsrabatt bei PENNY und REWE, weiteren Rabatten beim toom Baumarkt und der DERTOUR Group sowie weiteren Partnern über die Plattform Corporate Benefits.
- Du erhältst ein vergünstigtes Deutschlandticket.


Beruf, Familie und Privatleben vereinbaren – das unterstützen wir.

- Du erhältst 6 Wochen Urlaub pro Jahr.
- Deine Arbeitszeitplanung erfolgt in der Regel 2 Wochen im Voraus.
- In allen Lebenslagen kannst du dich an geschulte Vertrauenspersonen wenden, um Tipps und Unterstützung zu erhalten.


Sicherer Arbeitgeber – nachhaltig und menschlich.

- PENNY gehört zu der REWE Group, einem der größten Arbeitgeber Deutschlands.
- Unsere unternehmensweiten Netzwerke wie das LGBTIQ-Netzwerk „DITO – different together“ und das Frauennetzwerk „f.ernetzt“ bieten dir die Möglichkeit zum Austausch rund um Karriere und persönliche Weiterentwicklung.
- Du erhältst einen unbefristeten Arbeitsvertrag.
- Wir sind ein starkes Team und bewältigen alle Aufgaben gemeinsam. Unsere Zusammenarbeit feiern wir bei Teamevents.


Weitere Informationen erhalten Sie auf unserer Website unterkarriere.penny.de  .


Du hast noch Fragen zu deiner Online-Bewerbung oder zu unserem Bewerbungsprozess? Dann schau auf unseren FAQ    vorbei.


Um Ihnen den Lesefluss zu erleichtern, beschränken wir uns im Textverlauf auf männliche Bezeichnungen. Wir betonen ausdrücklich, dass bei uns alle Menschen - unabhängig von Geschlecht/geschlechtlicher Identität, ethnischer Herkunft und Nationalität, sozialer Herkunft, Religion/Weltanschauung, körperlichen und geistigen Fähigkeiten, Alter sowie sexueller Orientierung oder weiteren individuellen Merkmalen - gleichermaßen willkommen sind.",KEINE_ANGABEN,UNBEFRISTET,False,2026-09-14,Bundesagentur für Arbeit
12608-1451508-85342-1-S,Werkstudent (m/w/d),Penny-Markt GmbH Verwaltung,München,BAYERN,80687,PRAKTIKUM_TRAINEE,"Ort:  80687 München | Vertragsart: Teilzeit, unbefristet | Job-ID:  980775


PENNY ist Teil der REWE Group und beschäftigt über 31.000 Mitarbeitende in rund 2.130 Märkten, an 10 Logistikstandorten und in den Zentralen. Im #teampenny sind wir gemeinsam stark und begegnen uns mit Respekt und Wertschätzung. Auf PENNY kannst du dich verlassen. Wir setzen auf sichere Jobs, einen fairen Umgang miteinander und sorgen dafür, dass auch du deinen eigenen persönlichen Karriereweg gehen kannst. Denn bei PENNY kannst du alles sein, außer egal.


Du kannst viel bei uns bewegen.

- Du sorgst gemeinsam mit dem Team für einen reibungslosen Ablauf im Markt (AGNES BERNAUER STR. 21, 80687 München) .
- Du betreust unsere Kundschaft im Markt und an der Kasse und stehst ihr tatkräftig zur Seite.
- Du weißt, was wo zu finden ist, und sorgst dafür, dass die PENNY Regale immer voll sind.
- Du überprüfst die Qualität und Frische unserer Produkte.


Du kannst Teil unseres Teams werden .

- Du bist eingeschriebener Student (m/w/d) eines Bachelor-, Master- oder Staatsexamenstudiengangs.
- Du konntest bereits erste Erfahrungen im Handel sammeln? Super! Aber auch als Quereinsteiger:in bist du bei uns herzlich willkommen.
- Du hast Spaß am Umgang mit Menschen und Freude an Teamarbeit.
- Du bist kund:innenfreundlich, engagiert und verantwortungsbewusst.
- Du packst gern mit an und bist flexibel – so ziehst du mit deinem Team an einem Strang.


Du kannst dich auf jede Menge freuen.


Bei uns stimmt das Gehalt – und noch mehr.

- Du erhältst eine attraktive Vergütung.
- Du profitierst von 5% Einkaufsrabatt bei PENNY und REWE, weiteren Rabatten beim toom Baumarkt und der DERTOUR Group sowie weiteren Partnern über die Plattform Corporate Benefits.
- Du erhältst ein vergünstigtes Deutschlandticket.


Beruf, Familie und Privatleben vereinbaren – das unterstützen wir.

- Du erhältst 6 Wochen Urlaub pro Jahr.
- Deine Arbeitszeitplanung erfolgt in der Regel 2 Wochen im Voraus.
- In allen Lebenslagen kannst du dich an geschulte Vertrauenspersonen wenden, um Tipps und Unterstützung zu erhalten.


Sicherer Arbeitgeber – nachhaltig und menschlich.

- PENNY gehört zu der REWE Group, einem der größten Arbeitgeber Deutschlands.
- Unsere unternehmensweiten Netzwerke wie das LGBTIQ-Netzwerk „DITO – different together“ und das Frauennetzwerk „f.ernetzt“ bieten dir die Möglichkeit zum Austausch rund um Karriere und persönliche Weiterentwicklung.
- Du erhältst einen unbefristeten Arbeitsvertrag.
- Wir sind ein starkes Team und bewältigen alle Aufgaben gemeinsam. Unsere Zusammenarbeit feiern wir bei Teamevents.


Weitere Informationen erhalten Sie auf unserer Website unterkarriere.penny.de  .


Du hast noch Fragen zu deiner Online-Bewerbung oder zu unserem Bewerbungsprozess? Dann schau auf unseren FAQ    vorbei.


Um Ihnen den Lesefluss zu erleichtern, beschränken wir uns im Textverlauf auf männliche Bezeichnungen. Wir betonen ausdrücklich, dass bei uns alle Menschen - unabhängig von Geschlecht/geschlechtlicher Identität, ethnischer Herkunft und Nationalität, sozialer Herkunft, Religion/Weltanschauung, körperlichen und geistigen Fähigkeiten, Alter sowie sexueller Orientierung oder weiteren individuellen Merkmalen - gleichermaßen willkommen sind.",KEINE_ANGABEN,UNBEFRISTET,False,2026-09-14,Bundesagentur für Arbeit
12608-1451509-65007-1-S,Werkstudent (m/w/d),Penny-Markt GmbH Verwaltung,München,BAYERN,80634,PRAKTIKUM_TRAINEE,"Ort:  80634 München | Vertragsart: Teilzeit, unbefristet | Job-ID:  980759


PENNY ist Teil der REWE Group und beschäftigt über 31.000 Mitarbeitende in rund 2.130 Märkten, an 10 Logistikstandorten und in den Zentralen. Im #teampenny sind wir gemeinsam stark und begegnen uns mit Respekt und Wertschätzung. Auf PENNY kannst du dich verlassen. Wir setzen auf sichere Jobs, einen fairen Umgang miteinander und sorgen dafür, dass auch du deinen eigenen persönlichen Karriereweg gehen kannst. Denn bei PENNY kannst du alles sein, außer egal.


Du kannst viel bei uns bewegen.

- Du sorgst gemeinsam mit dem Team für einen reibungslosen Ablauf im Markt  Wendl-Dietrich-Str. 13, 80634 München.
- Du betreust unsere Kundschaft im Markt und an der Kasse und stehst ihr tatkräftig zur Seite.
- Du weißt, was wo zu finden ist, und sorgst dafür, dass die PENNY Regale immer voll sind.
- Du überprüfst die Qualität und Frische unserer Produkte.


Du kannst Teil unseres Teams werden .

- Du bist eingeschriebener Student (m/w/d) eines Bachelor-, Master- oder Staatsexamenstudiengangs.
- Du konntest bereits erste Erfahrungen im Handel sammeln? Super! Aber auch als Quereinsteiger:in bist du bei uns herzlich willkommen.
- Du hast Spaß am Umgang mit Menschen und Freude an Teamarbeit.
- Du bist kund:innenfreundlich, engagiert und verantwortungsbewusst.
- Du packst gern mit an und bist flexibel – so ziehst du mit deinem Team an einem Strang.


Du kannst dich auf jede Menge freuen.


Bei uns stimmt das Gehalt – und noch mehr.

- Du erhältst eine attraktive Vergütung.
- Du profitierst von 5% Einkaufsrabatt bei PENNY und REWE, weiteren Rabatten beim toom Baumarkt und der DERTOUR Group sowie weiteren Partnern über die Plattform Corporate Benefits.
- Du erhältst ein vergünstigtes Deutschlandticket.


Beruf, Familie und Privatleben vereinbaren – das unterstützen wir.

- Du erhältst 6 Wochen Urlaub pro Jahr.
- Deine Arbeitszeitplanung erfolgt in der Regel 2 Wochen im Voraus.
- In allen Lebenslagen kannst du dich an geschulte Vertrauenspersonen wenden, um Tipps und Unterstützung zu erhalten.


Sicherer Arbeitgeber – nachhaltig und menschlich.

- PENNY gehört zu der REWE Group, einem der größten Arbeitgeber Deutschlands.
- Unsere unternehmensweiten Netzwerke wie das LGBTIQ-Netzwerk „DITO – different together“ und das Frauennetzwerk „f.ernetzt“ bieten dir die Möglichkeit zum Austausch rund um Karriere und persönliche Weiterentwicklung.
- Du erhältst einen unbefristeten Arbeitsvertrag.
- Wir sind ein starkes Team und bewältigen alle Aufgaben gemeinsam. Unsere Zusammenarbeit feiern wir bei Teamevents.


Weitere Informationen erhalten Sie auf unserer Website unterkarriere.penny.de  .


Du hast noch Fragen zu deiner Online-Bewerbung oder zu unserem Bewerbungsprozess? Dann schau auf unseren FAQ    vorbei.


Um Ihnen den Lesefluss zu erleichtern, beschränken wir uns im Textverlauf auf männliche Bezeichnungen. Wir betonen ausdrücklich, dass bei uns alle Menschen - unabhängig von Geschlecht/geschlechtlicher Identität, ethnischer Herkunft und Nationalität, sozialer Herkunft, Religion/Weltanschauung, körperlichen und geistigen Fähigkeiten, Alter sowie sexueller Orientierung oder weiteren individuellen Merkmalen - gleichermaßen willkommen sind.",KEINE_ANGABEN,UNBEFRISTET,False,2026-09-14,Bundesagentur für Arbeit
12608-1451510-7687-1-S,Werkstudent (m/w/d),Penny-Markt GmbH Verwaltung,Karlsfeld bei München,BAYERN,85757,PRAKTIKUM_TRAINEE,"Ort:  85757 Karlsfeld | Vertragsart: Teilzeit, unbefristet | Job-ID:  980758


PENNY ist Teil der REWE Group und beschäftigt über 31.000 Mitarbeitende in rund 2.130 Märkten, an 10 Logistikstandorten und in den Zentralen. Im #teampenny sind wir gemeinsam stark und begegnen uns mit Respekt und Wertschätzung. Auf PENNY kannst du dich verlassen. Wir setzen auf sichere Jobs, einen fairen Umgang miteinander und sorgen dafür, dass auch du deinen eigenen persönlichen Karriereweg gehen kannst. Denn bei PENNY kannst du alles sein, außer egal.


Du kannst viel bei uns bewegen.

- Du sorgst gemeinsam mit dem Team für einen reibungslosen Ablauf im Markt  Münchener Str. 122, 85757 Karlsfeld
- Du betreust unsere Kundschaft im Markt und an der Kasse und stehst ihr tatkräftig zur Seite.
- Du weißt, was wo zu finden ist, und sorgst dafür, dass die PENNY Regale immer voll sind.
- Du überprüfst die Qualität und Frische unserer Produkte.


Du kannst Teil unseres Teams werden .

- Du bist eingeschriebener Student (m/w/d) eines Bachelor-, Master- oder Staatsexamenstudiengangs.
- Du konntest bereits erste Erfahrungen im Handel sammeln? Super! Aber auch als Quereinsteiger:in bist du bei uns herzlich willkommen.
- Du hast Spaß am Umgang mit Menschen und Freude an Teamarbeit.
- Du bist kund:innenfreundlich, engagiert und verantwortungsbewusst.
- Du packst gern mit an und bist flexibel – so ziehst du mit deinem Team an einem Strang.


Du kannst dich auf jede Menge freuen.


Bei uns stimmt das Gehalt – und noch mehr.

- Du erhältst eine attraktive Vergütung.
- Du profitierst von 5% Einkaufsrabatt bei PENNY und REWE, weiteren Rabatten beim toom Baumarkt und der DERTOUR Group sowie weiteren Partnern über die Plattform Corporate Benefits.
- Du erhältst ein vergünstigtes Deutschlandticket.


Beruf, Familie und Privatleben vereinbaren – das unterstützen wir.

- Du erhältst 6 Wochen Urlaub pro Jahr.
- Deine Arbeitszeitplanung erfolgt in der Regel 2 Wochen im Voraus.
- In allen Lebenslagen kannst du dich an geschulte Vertrauenspersonen wenden, um Tipps und Unterstützung zu erhalten.


Sicherer Arbeitgeber – nachhaltig und menschlich.

- PENNY gehört zu der REWE Group, einem der größten Arbeitgeber Deutschlands.
- Unsere unternehmensweiten Netzwerke wie das LGBTIQ-Netzwerk „DITO – different together“ und das Frauennetzwerk „f.ernetzt“ bieten dir die Möglichkeit zum Austausch rund um Karriere und persönliche Weiterentwicklung.
- Du erhältst einen unbefristeten Arbeitsvertrag.
- Wir sind ein starkes Team und bewältigen alle Aufgaben gemeinsam. Unsere Zusammenarbeit feiern wir bei Teamevents.


Weitere Informationen erhalten Sie auf unserer Website unterkarriere.penny.de  .


Du hast noch Fragen zu deiner Online-Bewerbung oder zu unserem Bewerbungsprozess? Dann schau auf unseren FAQ    vorbei.


Um Ihnen den Lesefluss zu erleichtern, beschränken wir uns im Textverlauf auf männliche Bezeichnungen. Wir betonen ausdrücklich, dass bei uns alle Menschen - unabhängig von Geschlecht/geschlechtlicher Identität, ethnischer Herkunft und Nationalität, sozialer Herkunft, Religion/Weltanschauung, körperlichen und geistigen Fähigkeiten, Alter sowie sexueller Orientierung oder weiteren individuellen Merkmalen - gleichermaßen willkommen sind.",KEINE_ANGABEN,UNBEFRISTET,False,2026-09-14,Bundesagentur für Arbeit
10001-1003679434-S,Werkstudent (w/m/d),Vermögen und Bau Baden-Württemberg Amt Konstanz,Konstanz,BADEN_WUERTTEMBERG,78464,PRAKTIKUM_TRAINEE,"Von der Universität Konstanz über den Neubau einer JVA in Rottweil, die Betreuung der Roggenbacher Schlösser bis hin zur Verwaltung von mehreren hunderten Gebäuden sowie tausender landwirtschaftlicher Grundstücke haben wir ein breites und spannendes Aufgabenspektrum in den Landkreisen Konstanz, Waldshut, Rottweil, Tuttlingen und dem Schwarzwald-Baar-Kreis. 

Wollen Sie Ihren Teil auf den Weg zur Klimaneutralität der Landesliegenschaften in unserem interdisziplinären Team im Amt Konstanz beitragen? 

Das sind deine neuen Aufgaben

- Unterstützung der Stabstelle Klimaschutz bei der Datenerfassung und Datenpflege in QGIS – Erfassung der technischen Daten der PV-Anlagen des Landes sowie in Excel – Erfassung von Sanierungsdaten von Gebäuden des Landes

Das bringst du mit

- Gute Kenntnisse in Microsoft Office sowie Spaß am 

Umgang mit der EDV 

- Zielorientierte und engagierte Arbeitsweise, Kommunikations- und Teamfähigkeit
- Offenheit für digitales arbeiten 
- gute Deutschkenntnisse 

Das Erwartet dich Bei uns

- Selbstständiges und eigenverantwortliches Arbeiten
- Work-Life-Balance, familienfreundliche und flexible Arbeitszeitmodelle
- Gesundheitsmanagement und Sportangebote
- Nachhaltige Mobilität mit dem JobTicket BW (z.B. Deutschlandticket) und JobBike BW

Kontakt

Fragen zum Bewerbungsprozess

Herr Häuptle (Personalreferat)

Tel.: 07531 8020 - 210

Fachliche Fragen 

Frau Hoffmann (Leitung Stabstelle Klimaschutz)

Tel.: 07531 8020 – 223

deine Bewerbung

Deine aussagekräftige Bewerbung kannst du bis zum 04.10.2026 unter Auswahl „Amt Konstanz“ und der Kennziffer VBBW-Amt-KN-012-KLI in unserem Bewerberportal ([https://bewerberportal.landbw.de/vbv](https://bewerberportal.landbw.de/vbv)) einreichen.

Wir freuen uns auf deine Bewerbung.

Weitere Informationen

Im Interesse der beruflichen Gleichstellung sind Bewerbungen von Frauen besonders erwünscht.

Schwerbehinderte Menschen werden bei gleicher Eignung vorrangig berücksichtigt.

Datenschutzhinweise: Die Informationen zur Erhebung von personenbezogenen Daten bei der betroffenen Person nach Art. 13 DS-GVO können Sie unserer Homepage im Bereich „Startseite/Datenschutz“ entnehmen: [www.vermoegenundbau-bw.de/datenschutz](https://file://bk/vbv/VBVSTU01/Amtsdaten/1_Abt_1/Ref_13/Stellenanzeigen/2019%20ff.%20Stellenanzeigen%20NEU/erledigt/Amt%20MAHD/Bewerbungsschluss%202025_01_06/www.vermoegenundbau-bw.de/datenschutz)

**Weitere Stellenangebote und Informationen gibt’s auf unserem Karriereportal unter** 

[***amtlich-was-bewegen.de***](https://fm.baden-wuerttemberg.de/de/amtlich-was-bewegen)",KEINE_ANGABEN,KEINE_ANGABE,False,2026-09-09,Bundesagentur für Arbeit
10001-1003679390-S,Werkstudent (w/m/d),Vermögen und Bau Baden-Württemberg Amt Konstanz,Konstanz,BADEN_WUERTTEMBERG,78464,PRAKTIKUM_TRAINEE,"Von der Universität Konstanz über den Neubau einer JVA in Rottweil, die Betreuung der Roggenbacher Schlösser bis hin zur Verwaltung von mehreren hunderten Gebäuden sowie tausender landwirtschaftlicher Grundstücke haben wir ein breites und spannendes Aufgabenspektrum in den Landkreisen Konstanz, Waldshut, Rottweil, Tuttlingen und dem Schwarzwald-Baar-Kreis. 

Wollen Sie Ihren Teil auf den Weg zur Klimaneutralität der Landesliegenschaften in unserem interdisziplinären Team im Amt Konstanz beitragen? 

Das sind deine neuen Aufgaben

- Unterstützung der Abteilung 2 – Liegenschaften insbesondere beim Abschluss von liegenschaftlichen Rechtsgeschäften im Bereich Pacht, Miete, Kauf, Gestattung, Erbbaurecht etc. durch Entwurfserstellung, Literatur- und Rechtsprechungsrecherchen u.a.

Das bringst du mit

- Fortgeschrittenes Studium der Rechts- oder Verwaltungswissenschaften (mind. drittes Semester)
- Gute Kenntnisse in Microsoft Office sowie Spaß am 

Umgang mit der EDV 

- Zielorientierte und engagierte Arbeitsweise, Kommunikations- und Teamfähigkeit
- Offenheit für digitales arbeiten 
- gute Deutschkenntnisse 

Das Erwartet dich Bei uns

- Selbstständiges und eigenverantwortliches Arbeiten
- Work-Life-Balance, familienfreundliche und flexible Arbeitszeitmodelle
- Gesundheitsmanagement und Sportangebote
- Nachhaltige Mobilität mit dem JobTicket BW (z.B. Deutschlandticket) 

Kontakt

Fragen zum Bewerbungsprozess

Herr Häuptle (Personalreferat)

Tel.: 07531 8020 - 210

Fachliche Fragen 

Frau Foth (Leitung Abteilung 2 - Liegenschaften)

Tel.: 07531 8020 – 262

deine Bewerbung

Deine aussagekräftige Bewerbung kannst du bis zum 04.10.2026 unter Auswahl „Amt Konstanz“ und der Kennziffer VBBW-Amt-KN-013-SIM in unserem Bewerberportal ([https://bewerberportal.landbw.de/vbv](https://bewerberportal.landbw.de/vbv)) einreichen.

Wir freuen uns auf deine Bewerbung.

Weitere Informationen

Im Interesse der beruflichen Gleichstellung sind Bewerbungen von Frauen besonders erwünscht.

Schwerbehinderte Menschen werden bei gleicher Eignung vorrangig berücksichtigt.

Datenschutzhinweise: Die Informationen zur Erhebung von personenbezogenen Daten bei der betroffenen Person nach Art. 13 DS-GVO können Sie unserer Homepage im Bereich „Startseite/Datenschutz“ entnehmen: [www.vermoegenundbau-bw.de/datenschutz](https://file://bk/vbv/VBVSTU01/Amtsdaten/1_Abt_1/Ref_13/Stellenanzeigen/2019%20ff.%20Stellenanzeigen%20NEU/erledigt/Amt%20MAHD/Bewerbungsschluss%202025_01_06/www.vermoegenundbau-bw.de/datenschutz)

**Weitere Stellenangebote und Informationen gibt’s auf unserem Karriereportal unter** 

[***amtlich-was-bewegen.de***](https://fm.baden-wuerttemberg.de/de/amtlich-was-bewegen)",KEINE_ANGABEN,KEINE_ANGABE,False,2026-09-09,Bundesagentur für Arbeit
10001-1003665794-S,Werkstudent (m/w/d),Abfallverwertungsgeselleschaft des Landkreises Ludwigsburg mbH,"Ludwigsburg, Württemberg",BADEN_WUERTTEMBERG,71638,PRAKTIKUM_TRAINEE,"Für unsere Stabsstelle Personal und Stabsstelle Compliance suchen wir ab Oktober, mit einem Umfang von ca. 13,5 h / Woche einen

# Werkstudent (m/w/d)

Die AVL ist ein modernes kommunales Abfallwirtschaftsunternehmen, das Wert auf Nachhaltigkeit, Effizienz und Innovation legt.

Du suchst einen Job mit Sinn und möchtest parallel zum Studium etwas Geld dazu verdienen und uns bei unserer Arbeit unterstützen? Dann freuen wir uns auf Deine Bewerbung!

## Das erwartet Dich

**in der Personalabteilung:**

- Unterstützung bei der Digitalisierung
- Aus- und Umsortieren der gescannten Dokumente
- Generierung von Workflows (bspw. zu Ein- und Austritten) und Umsetzung in der HR-Software  
- Mitarbeit im operativen Tagesgeschäft

**im Bereich Compliance und Nachhaltigkeit:**

- Unterstützung im Richtlinienmanagement (z.B. Pflege, Aktualisierung und Überarbeitung interner Richtlinien und Vorlagen, Mitwirkung bei der Harmonisierung von Layout, Struktur und Dokumentenstandards)
- Unterstützung bei der Erstellung von Prozessdokumentationen und Übersichten sowie deren Anpassung
- Erstellung, Pflege und Aktualisierung von Präsentationen und Informationsunterlagen (z.B. Mitarbeiterschulungen)
- Mitwirkung bei der Erstellung der Treibhausgasbilanzierung (Datensammlung, Abstimmung mit internen Ansprechpartnern (m/w/d))

## Das bringst Du mit

- Du bist an einer Hochschule immatrikuliert und das Studium stellt deine Hauptbeschäftigung dar
- Du hast Interesse an Nachhaltigkeit und Abfallwirtschaft, bist zuverlässig, kommunikativ, teamfähig und bringst die Bereitschaft mit, dich in neue Themen einzuarbeiten
- Dir fällt es leicht, komplexe Sachverhalte verständlich darzustellen und Zusammenhänge zu verstehen
- Kenntnisse in den gängigen MS-Office-Programmen
- Idealerweise verfügst du bereits über Erfahrung mit Projektarbeit und / oder wissenschaftlichem Arbeiten
- Strukturierte und sorgfältige Arbeitsweise sowie Verantwortungsbewusstsein für eine sorgfältig Dokumentation
- Sehr gute Deutschkenntnisse, gute schriftliche Ausdrucksfähigkeit, Engagement und Eigeninitiative bei der Bearbeitung neuer Themen

## Darauf kannst Du dich freuen

- Eine anspruchsvolle und abwechslungsreiche Tätigkeit sowie die Mitarbeit in einem kleinen Team
- Flexible Arbeitszeiten für eine optimale Vereinbarkeit zwischen Studium und Werkstudententätigkeit, mobiles Arbeiten nach Absprache möglich
- Faire Bezahlung nach TVöD-VKA, Entgeltgruppe 8, inkl. Jahressonderzahlung und Versicherung über die ZVK
- hoher Zuschuss zum öffentlichen Nahverkehr oder Radkilometergeld sowie einen Essensgeldzuschuss, Einkaufsvorteile über „corporate benefits“
- Eine tolle Jahresfeier mit allen Kolleginnen und Kollegen

# Abfallverwertungsgesellschaft des Landkreises Ludwigsburg mbH

Interessiert?

Dann bewirb Dich direkt über unser Onlineformular unter Angabe deines gewünschten Stundenumfangs!

## Kontakt

Fragen beantworten Dir gerne:

Catharina Richter, Stabsstelle Personal, Tel.: 07141 / 6890-293

Susanne Weißbach, Stabsstelle Compliance und Nachhaltigkeit, Tel.: 07141 / 6890-242",KEINE_ANGABEN,KEINE_ANGABE,False,2026-09-07,Bundesagentur für Arbeit
12951-e42bb0e6-72a2-42df--S,Werkstudent (m/w/d),PENNY,Regensburg,BAYERN,93053,PRAKTIKUM_TRAINEE,"Ort: 93053 Regensburg | Vertragsart: Teilzeit, unbefristet | Job-ID: 978276
PENNY ist Teil der REWE Group und beschäftigt über 31.000 Mitarbeitende in rund 2.130 Märkten, an 10 Logistikstandorten und in den Zentralen. Im #teampenny sind wir gemeinsam stark und begegnen uns mit Respekt und Wertschätzung. Auf PENNY kannst du dich verlassen. Wir setzen auf sichere Jobs, einen fairen Umgang miteinander und sorgen dafür, dass auch du deinen eigenen persönlichen Karriereweg gehen kannst. Denn bei PENNY kannst du alles sein, außer egal.
Du kannst viel bei uns bewegen.✓ Du sorgst gemeinsam mit dem Team für einen reibungslosen Ablauf im Markt Hornstr. 10, 93053 Regensburg.✓ Du betreust unsere Kundschaft im Markt und an der Kasse und stehst ihr tatkräftig zur Seite.✓ Du weißt, was wo zu finden ist, und sorgst dafür, dass die PENNY Regale immer voll sind.✓ Du überprüfst die Qualität und Frische unserer Produkte.

Du kannst Teil unseres Teams werden.✓ Du bist eingeschriebener Student (m/w/d) eines Bachelor-, Master- oder Staatsexamenstudiengangs.✓ Du konntest bereits erste Erfahrungen im Handel sammeln? Super! Aber auch als Quereinsteiger:in bist du bei uns herzlich willkommen.✓ Du hast Spaß am Umgang mit Menschen und Freude an Teamarbeit.✓ Du bist kund:innenfreundlich, engagiert und verantwortungsbewusst.✓ Du packst gern mit an und bist flexibel – so ziehst du mit deinem Team an einem Strang.

Du kannst dich auf jede Menge freuen.Bei uns stimmt das Gehalt – und noch mehr.✓ Du erhältst eine attraktive Vergütung.✓ Du profitierst von 5% Einkaufsrabatt bei PENNY und REWE, weiteren Rabatten beim toom Baumarkt und der DERTOUR Group sowie weiteren Partnern über die Plattform Corporate Benefits.✓ Du erhältst ein vergünstigtes Deutschlandticket.
Beruf, Familie und Privatleben vereinbaren – das unterstützen wir.✓ Du erhältst 6 Wochen Urlaub pro Jahr.✓ Deine Arbeitszeitplanung erfolgt in der Regel 2 Wochen im Voraus.✓ In allen Lebenslagen kannst du dich an geschulte Vertrauenspersonen wenden, um Tipps und Unterstützung zu erhalten.
Sicherer Arbeitgeber – nachhaltig und menschlich.✓ PENNY gehört zu der REWE Group, einem der größten Arbeitgeber Deutschlands.✓ Unsere unternehmensweiten Netzwerke wie das LGBTIQ-Netzwerk „DITO – different together“ und das Frauennetzwerk „f. ernetzt“ bieten dir die Möglichkeit zum Austausch rund um Karriere und persönliche Weiterentwicklung.✓ Du erhältst einen unbefristeten Arbeitsvertrag.✓ Wir sind ein starkes Team und bewältigen alle Aufgaben gemeinsam. Unsere Zusammenarbeit feiern wir bei Teamevents.

Weitere Informationen erhalten Sie auf unserer Website unter karriere[.]penny[.]de.
Du hast noch Fragen zu deiner Online-Bewerbung oder zu unserem Bewerbungsprozess? Dann schau auf unseren FAQ vorbei.Um Ihnen den Lesefluss zu erleichtern, beschränken wir uns im Textverlauf auf männliche Bezeichnungen. Wir betonen ausdrücklich, dass bei uns alle Menschen - unabhängig von Geschlecht/geschlechtlicher Identität, ethnischer Herkunft und Nationalität, sozialer Herkunft, Religion/Weltanschauung, körperlichen und geistigen Fähigkeiten, Alter sowie sexueller Orientierung oder weiteren individuellen Merkmalen - gleichermaßen willkommen sind.",KEINE_ANGABEN,KEINE_ANGABE,False,2026-09-07,Bundesagentur für Arbeit
